Year,Country,Commodity,Export_Volume_MT,Import_Volume_MT,Price_USD_per_MT,Price_Volatility_Index,Net_Trade_Balance_MT,Export_Value_USD,Import_Value_USD
2015,United States,Wheat,20795,960,209.17,20.59,19835,4349690.149999999,200803.19999999998
2015,United States,Maize,16284,1738,182.29,7.0,14546,2968410.36,316820.01999999996
2015,United States,Soybeans,19423,230,381.03,24.4,19193,7400745.6899999995,87636.9
2015,United States,Rice,7433,1315,379.61,17.35,6118,2821641.13,499187.15
2015,Brazil,Wheat,24769,121,200.35,5.46,24648,4962469.149999999,24242.35
2015,Brazil,Maize,13666,1182,179.99,5.93,12484,2459743.3400000003,212748.18000000002
2015,Brazil,Soybeans,7747,1075,391.64,6.81,6672,3034035.08,421013.0
2015,Brazil,Rice,8005,662,349.12,24.66,7343,2794705.6,231117.44
2015,Argentina,Wheat,22912,746,208.53,6.3,22166,4777839.36,155563.38
2015,Argentina,Maize,15627,700,208.28,21.17,14927,3254791.56,145796.0
2015,Argentina,Soybeans,16016,2712,391.54,9.82,13304,6270904.640000001,1061856.48
2015,Argentina,Rice,20787,2656,371.66,8.47,18131,7725696.420000001,987128.9600000001
2015,Ukraine,Wheat,8152,2055,209.11,20.11,6097,1704664.7200000002,429721.05000000005
2015,Ukraine,Maize,6021,2713,187.34,8.7,3308,1127974.1400000001,508253.42
2015,Ukraine,Soybeans,17990,2549,418.76,23.79,15441,7533492.399999999,1067419.24
2015,Ukraine,Rice,5995,2417,366.36,11.53,3578,2196328.2,885492.12
2015,China,Wheat,1375,6016,248.06,21.89,-4641,341082.5,1492328.96
2015,China,Maize,437,14268,189.34,24.31,-13831,82741.58,2701503.12
2015,China,Soybeans,2335,13571,393.8,10.93,-11236,919523.0,5344259.8
2015,China,Rice,164,21216,379.34,20.44,-21052,62211.759999999995,8048077.4399999995
2015,India,Wheat,2127,7695,200.28,21.31,-5568,425995.56,1541154.6
2015,India,Maize,2740,5391,196.45,20.43,-2651,538273.0,1059061.95
2015,India,Soybeans,1896,8561,397.92,7.32,-6665,754456.3200000001,3406593.12
2015,India,Rice,2282,13392,361.16,11.62,-11110,824167.1200000001,4836654.720000001
2015,Egypt,Wheat,602,7454,233.44,18.32,-6852,140530.88,1740061.76
2015,Egypt,Maize,2831,15965,204.36,14.44,-13134,578543.16,3262607.4000000004
2015,Egypt,Soybeans,2760,13110,415.66,20.22,-10350,1147221.6,5449302.600000001
2015,Egypt,Rice,602,11910,342.8,5.81,-11308,206365.6,4082748.0
2015,Germany,Wheat,306,20934,244.79,14.51,-20628,74905.73999999999,5124433.859999999
2015,Germany,Maize,1120,17383,194.78,7.79,-16263,218153.6,3385860.74
2015,Germany,Soybeans,2378,6678,417.78,9.58,-4300,993480.84,2789934.84
2015,Germany,Rice,1283,21198,344.49,8.22,-19915,441980.67,7302499.0200000005
2016,United States,Wheat,15817,2829,251.41,17.67,12988,3976551.9699999997,711238.89
2016,United States,Maize,7693,895,209.18,8.73,6798,1609221.74,187216.1
2016,United States,Soybeans,21157,2081,426.97,21.15,19076,9033404.290000001,888524.5700000001
2016,United States,Rice,20707,1596,363.4,7.2,19111,7524923.8,579986.3999999999
2016,Brazil,Wheat,6306,2780,251.9,22.21,3526,1588481.4000000001,700282.0
2016,Brazil,Maize,12526,809,194.54,13.35,11717,2436808.04,157382.86
2016,Brazil,Soybeans,8748,1357,416.88,23.86,7391,3646866.2399999998,565706.16
2016,Brazil,Rice,22879,1236,350.74,10.08,21643,8024580.46,433514.64
2016,Argentina,Wheat,22675,1736,225.24,5.74,20939,5107317.0,391016.64
2016,Argentina,Maize,9737,2367,171.57,10.57,7370,1670577.0899999999,406106.19
2016,Argentina,Soybeans,12392,2532,411.98,7.9,9860,5105256.16,1043133.3600000001
2016,Argentina,Rice,23091,2877,396.78,9.84,20214,9162046.979999999,1141536.0599999998
2016,Ukraine,Wheat,9931,302,229.48,9.84,9629,2278965.88,69302.95999999999
2016,Ukraine,Maize,9389,2427,192.52,24.67,6962,1807570.28,467246.04000000004
2016,Ukraine,Soybeans,6930,2899,439.92,8.01,4031,3048645.6,1275328.08
2016,Ukraine,Rice,16589,2611,349.54,16.82,13978,5798519.0600000005,912648.9400000001
2016,China,Wheat,2055,11546,246.56,21.19,-9491,506680.8,2846781.7600000002
2016,China,Maize,1834,13680,203.55,12.73,-11846,373310.7,2784564.0
2016,China,Soybeans,2485,16111,406.88,11.82,-13626,1011096.8,6555243.68
2016,China,Rice,2620,19257,393.73,22.55,-16637,1031572.6000000001,7582058.61
2016,India,Wheat,1734,21646,244.0,21.34,-19912,423096.0,5281624.0
2016,India,Maize,1116,21371,195.48,9.84,-20255,218155.68,4177603.0799999996
2016,India,Soybeans,1427,19589,444.86,23.01,-18162,634815.22,8714362.540000001
2016,India,Rice,2156,12400,364.96,19.52,-10244,786853.76,4525504.0
2016,Egypt,Wheat,1254,9499,255.35,20.6,-8245,320208.89999999997,2425569.65
2016,Egypt,Maize,727,17874,215.78,20.71,-17147,156872.06,3856851.72
2016,Egypt,Soybeans,203,20586,418.61,23.8,-20383,84977.83,8617505.46
2016,Egypt,Rice,2300,19172,361.7,11.11,-16872,831910.0,6934512.399999999
2016,Germany,Wheat,2969,18992,219.8,5.36,-16023,652586.2000000001,4174441.6
2016,Germany,Maize,497,8987,187.32,19.88,-8490,93098.04,1683444.8399999999
2016,Germany,Soybeans,1318,9735,428.42,6.87,-8417,564657.56,4170668.7
2016,Germany,Rice,569,11893,376.99,24.58,-11324,214507.31,4483542.07
2017,United States,Wheat,13754,2585,267.3,13.69,11169,3676444.2,690970.5
2017,United States,Maize,20636,897,210.26,18.38,19739,4338925.359999999,188603.22
2017,United States,Soybeans,10600,552,431.51,14.98,10048,4574006.0,238193.52
2017,United States,Rice,9642,1315,397.27,8.54,8327,3830477.34,522410.05
2017,Brazil,Wheat,23589,2624,235.98,22.67,20965,5566532.22,619211.52
2017,Brazil,Maize,6060,2427,194.54,16.06,3633,1178912.4,472148.57999999996
2017,Brazil,Soybeans,21990,799,462.65,10.89,21191,10173673.5,369657.35
2017,Brazil,Rice,22364,2106,378.42,14.71,20258,8462984.88,796952.52
2017,Argentina,Wheat,6816,1858,264.21,23.6,4958,1800855.3599999999,490902.17999999993
2017,Argentina,Maize,24117,725,208.75,24.8,23392,5034423.75,151343.75
2017,Argentina,Soybeans,8009,254,434.76,11.45,7755,3481992.84,110429.04
2017,Argentina,Rice,13096,345,382.97,10.87,12751,5015375.12,132124.65000000002
2017,Ukraine,Wheat,24190,637,262.51,22.34,23553,6350116.899999999,167218.87
2017,Ukraine,Maize,13716,2975,203.57,15.03,10741,2792166.12,605620.75
2017,Ukraine,Soybeans,9780,119,452.5,19.04,9661,4425450.0,53847.5
2017,Ukraine,Rice,9495,2801,409.5,11.76,6694,3888202.5,1147009.5
2017,China,Wheat,1215,18121,243.92,18.44,-16906,296362.8,4420074.319999999
2017,China,Maize,150,21958,227.09,21.78,-21808,34063.5,4986442.22
2017,China,Soybeans,2717,14907,421.94,11.07,-12190,1146410.98,6289859.58
2017,China,Rice,2591,20328,406.39,10.43,-17737,1052956.49,8261095.92
2017,India,Wheat,104,5876,231.72,13.23,-5772,24098.88,1361586.72
2017,India,Maize,2970,12079,214.3,24.52,-9109,636471.0,2588529.7
2017,India,Soybeans,735,18417,436.15,20.9,-17682,320570.25,8032574.55
2017,India,Rice,930,19098,386.95,6.57,-18168,359863.5,7389971.1
2017,Egypt,Wheat,840,13308,226.04,13.57,-12468,189873.6,3008140.32
2017,Egypt,Maize,2031,14204,180.91,23.3,-12173,367428.21,2569645.64
2017,Egypt,Soybeans,2949,18407,447.46,19.29,-15458,1319559.54,8236396.22
2017,Egypt,Rice,587,21244,396.91,15.33,-20657,232986.17,8431956.040000001
2017,Germany,Wheat,803,14662,243.78,19.6,-13859,195755.34,3574302.36
2017,Germany,Maize,253,6679,185.93,7.4,-6426,47040.29,1241826.47
2017,Germany,Soybeans,1343,16310,422.04,22.11,-14967,566799.72,6883472.4
2017,Germany,Rice,552,16151,369.89,14.83,-15599,204179.28,5974093.39
2018,United States,Wheat,9452,2170,235.4,23.98,7282,2225000.8000000003,510818.0
2018,United States,Maize,7849,2909,233.67,15.02,4940,1834075.8299999998,679746.0299999999
2018,United States,Soybeans,14207,1448,474.2,17.32,12759,6736959.399999999,686641.6
2018,United States,Rice,10878,2405,383.83,16.72,8473,4175302.7399999998,923111.1499999999
2018,Brazil,Wheat,5851,1787,266.86,16.47,4064,1561397.86,476878.82
2018,Brazil,Maize,9000,1056,214.28,23.83,7944,1928520.0,226279.68
2018,Brazil,Soybeans,13002,1540,472.57,9.13,11462,6144355.14,727757.8
2018,Brazil,Rice,15636,111,387.54,5.36,15525,6059575.44,43016.94
2018,Argentina,Wheat,7082,2874,236.56,11.38,4208,1675317.92,679873.4400000001
2018,Argentina,Maize,21281,1725,204.03,10.21,19556,4341962.43,351951.75
2018,Argentina,Soybeans,8267,925,474.84,17.58,7342,3925502.28,439227.0
2018,Argentina,Rice,5412,828,422.67,10.64,4584,2287490.04,349970.76
2018,Ukraine,Wheat,16657,1992,270.53,21.14,14665,4506218.21,538895.7599999999
2018,Ukraine,Maize,21048,1222,207.63,12.44,19826,4370196.24,253723.86
2018,Ukraine,Soybeans,7143,1787,483.36,16.24,5356,3452640.48,863764.3200000001
2018,Ukraine,Rice,17043,1648,419.5,9.76,15395,7149538.5,691336.0
2018,China,Wheat,1921,18584,259.72,14.93,-16663,498922.12000000005,4826636.48
2018,China,Maize,828,5698,192.0,6.07,-4870,158976.0,1094016.0
2018,China,Soybeans,2592,12400,482.36,12.1,-9808,1250277.12,5981264.0
2018,China,Rice,1919,10486,386.66,6.83,-8567,742000.54,4054516.7600000002
2018,India,Wheat,495,16130,243.64,23.92,-15635,120601.79999999999,3929913.1999999997
2018,India,Maize,1267,6062,191.56,14.89,-4795,242706.52,1161236.72
2018,India,Soybeans,2545,9729,462.08,22.75,-7184,1175993.5999999999,4495576.32
2018,India,Rice,334,11801,430.93,18.76,-11467,143930.62,5085404.93
2018,Egypt,Wheat,1053,7539,276.34,21.77,-6486,290986.01999999996,2083327.2599999998
2018,Egypt,Maize,1297,18964,198.13,12.93,-17667,256974.61,3757337.32
2018,Egypt,Soybeans,2942,18807,483.16,22.61,-15865,1421456.72,9086790.120000001
2018,Egypt,Rice,1780,12494,431.8,20.07,-10714,768604.0,5394909.2
2018,Germany,Wheat,1910,11588,251.9,19.1,-9678,481129.0,2919017.2
2018,Germany,Maize,813,20485,211.63,5.23,-19672,172055.19,4335240.55
2018,Germany,Soybeans,1343,8709,442.82,7.38,-7366,594707.26,3856519.38
2018,Germany,Rice,928,14576,419.71,18.62,-13648,389490.88,6117692.96
2019,United States,Wheat,19683,289,264.01,14.55,19394,5196508.83,76298.89
2019,United States,Maize,5823,1028,207.18,24.26,4795,1206409.1400000001,212981.04
2019,United States,Soybeans,8627,784,508.49,5.86,7843,4386743.23,398656.16000000003
2019,United States,Rice,16003,1352,412.65,18.91,14651,6603637.949999999,557902.7999999999
2019,Brazil,Wheat,16704,2194,275.47,18.91,14510,4601450.880000001,604381.18
2019,Brazil,Maize,24870,1496,230.85,12.68,23374,5741239.5,345351.6
2019,Brazil,Soybeans,13662,1135,507.94,6.16,12527,6939476.28,576511.9
2019,Brazil,Rice,5667,472,413.87,8.76,5195,2345401.29,195346.64
2019,Argentina,Wheat,8719,2845,255.47,10.32,5874,2227442.93,726812.15
2019,Argentina,Maize,9964,140,209.0,14.06,9824,2082476.0,29260.0
2019,Argentina,Soybeans,12312,1324,475.48,21.28,10988,5854109.76,629535.52
2019,Argentina,Rice,7779,2899,408.13,23.22,4880,3174843.27,1183168.8699999999
2019,Ukraine,Wheat,24708,489,291.49,19.51,24219,7202134.92,142538.61000000002
2019,Ukraine,Maize,23222,2044,216.91,23.65,21178,5037084.02,443364.04
2019,Ukraine,Soybeans,10124,1115,478.82,21.21,9009,4847573.68,533884.3
2019,Ukraine,Rice,13415,1362,407.52,16.88,12053,5466880.8,555042.24
2019,China,Wheat,162,11970,286.11,21.77,-11808,46349.82,3424736.7
2019,China,Maize,1733,15344,216.74,10.47,-13611,375610.42000000004,3325658.56
2019,China,Soybeans,2970,17763,500.65,24.99,-14793,1486930.5,8893045.95
2019,China,Rice,1993,20106,427.77,20.38,-18113,852545.61,8600743.62
2019,India,Wheat,2824,9809,286.48,9.95,-6985,809019.52,2810082.3200000003
2019,India,Maize,2604,10997,208.57,10.49,-8393,543116.28,2293644.29
2019,India,Soybeans,1569,9544,493.59,17.36,-7975,774442.71,4710822.96
2019,India,Rice,2242,12239,401.11,14.96,-9997,899288.62,4909185.29
2019,Egypt,Wheat,537,15357,285.57,11.16,-14820,153351.09,4385498.49
2019,Egypt,Maize,2084,13427,224.05,22.53,-11343,466920.2,3008319.35
2019,Egypt,Soybeans,1948,20254,497.76,17.41,-18306,969636.48,10081631.04
2019,Egypt,Rice,677,20781,430.86,24.61,-20104,291692.22000000003,8953701.66
2019,Germany,Wheat,1429,13017,263.61,13.75,-11588,376698.69,3431411.37
2019,Germany,Maize,546,15209,213.41,15.28,-14663,116521.86,3245752.69
2019,Germany,Soybeans,1458,9637,491.1,22.25,-8179,716023.8,4732730.7
2019,Germany,Rice,2280,9892,407.35,23.53,-7612,928758.0,4029506.2
2020,United States,Wheat,24216,1975,277.96,24.6,22241,6731079.359999999,548971.0
2020,United States,Maize,19388,1573,221.44,17.67,17815,4293278.72,348325.12
2020,United States,Soybeans,17015,2006,506.86,14.2,15009,8624222.9,1016761.16
2020,United States,Rice,20183,2242,437.52,18.95,17941,8830466.16,980919.84
2020,Brazil,Wheat,17647,1819,275.58,22.49,15828,4863160.26,501280.01999999996
2020,Brazil,Maize,5666,192,253.66,17.04,5474,1437237.56,48702.72
2020,Brazil,Soybeans,16314,1128,497.25,11.95,15186,8112136.5,560898.0
2020,Brazil,Rice,18716,2985,423.53,14.22,15731,7926787.4799999995,1264237.0499999998
2020,Argentina,Wheat,23777,2693,261.44,11.6,21084,6216258.88,704057.92
2020,Argentina,Maize,21282,2941,244.97,17.56,18341,5213451.54,720456.77
2020,Argentina,Soybeans,15478,1179,523.68,23.42,14299,8105519.039999999,617418.72
2020,Argentina,Rice,9432,1149,460.92,6.69,8283,4347397.44,529597.0800000001
2020,Ukraine,Wheat,19178,1376,304.31,15.73,17802,5836057.18,418730.56
2020,Ukraine,Maize,5055,825,216.81,20.2,4230,1095974.55,178868.25
2020,Ukraine,Soybeans,7125,464,483.12,7.95,6661,3442230.0,224167.68
2020,Ukraine,Rice,10126,1126,462.26,15.23,9000,4680844.76,520504.76
2020,China,Wheat,1874,6531,260.36,13.95,-4657,487914.64,1700411.1600000001
2020,China,Maize,2886,6906,217.12,10.38,-4020,626608.3200000001,1499430.72
2020,China,Soybeans,584,15267,481.0,11.44,-14683,280904.0,7343427.0
2020,China,Rice,1354,11229,433.87,7.4,-9875,587459.98,4871926.23
2020,India,Wheat,2292,8596,284.68,18.58,-6304,652486.56,2447109.2800000003
2020,India,Maize,166,21616,229.92,6.74,-21450,38166.72,4969950.72
2020,India,Soybeans,210,19369,507.89,16.73,-19159,106656.9,9837321.41
2020,India,Rice,2895,11738,436.44,11.75,-8843,1263493.8,5122932.72
2020,Egypt,Wheat,2839,20679,283.54,12.12,-17840,804970.06,5863323.66
2020,Egypt,Maize,976,19277,235.29,9.74,-18301,229643.03999999998,4535685.33
2020,Egypt,Soybeans,2809,6605,492.3,8.21,-3796,1382870.7,3251641.5
2020,Egypt,Rice,2990,15589,426.17,22.94,-12599,1274248.3,6643564.13
2020,Germany,Wheat,858,7590,275.52,24.65,-6732,236396.15999999997,2091196.7999999998
2020,Germany,Maize,1346,21389,224.89,24.39,-20043,302701.94,4810172.21
2020,Germany,Soybeans,103,13837,528.75,14.81,-13734,54461.25,7316313.75
2020,Germany,Rice,2121,18234,458.54,19.37,-16113,972563.3400000001,8361018.36
2021,United States,Wheat,15954,1515,289.83,21.77,14439,4623947.819999999,439092.44999999995
2021,United States,Maize,11469,1533,230.18,13.51,9936,2639934.42,352865.94
2021,United States,Soybeans,21608,631,512.12,7.3,20977,11065888.96,323147.72000000003
2021,United States,Rice,11233,753,449.43,16.62,10480,5048447.19,338420.79
2021,Brazil,Wheat,11988,2126,295.69,12.38,9862,3544731.72,628636.94
2021,Brazil,Maize,5009,360,217.17,24.8,4649,1087804.53,78181.2
2021,Brazil,Soybeans,23444,1291,540.49,10.09,22153,12671247.56,697772.59
2021,Brazil,Rice,15568,2932,440.83,14.46,12636,6862841.4399999995,1292513.56
2021,Argentina,Wheat,8490,1218,312.48,21.61,7272,2652955.2,380600.64
2021,Argentina,Maize,5235,2069,220.21,19.62,3166,1152799.35,455614.49
2021,Argentina,Soybeans,10256,2735,518.96,23.53,7521,5322453.760000001,1419355.6
2021,Argentina,Rice,8391,1955,474.08,21.56,6436,3978005.28,926826.4
2021,Ukraine,Wheat,20524,2152,277.78,17.68,18372,5701156.72,597782.5599999999
2021,Ukraine,Maize,21984,1872,243.42,18.66,20112,5351345.279999999,455682.24
2021,Ukraine,Soybeans,14510,715,518.85,14.25,13795,7528513.5,370977.75
2021,Ukraine,Rice,11565,1988,472.38,15.05,9577,5463074.7,939091.44
2021,China,Wheat,2812,7192,310.98,12.68,-4380,874475.76,2236568.16
2021,China,Maize,2097,8687,225.45,15.86,-6590,472768.64999999997,1958484.15
2021,China,Soybeans,297,20374,543.93,14.91,-20077,161547.21,11082029.819999998
2021,China,Rice,577,14446,463.66,24.95,-13869,267531.82,6698032.36
2021,India,Wheat,1220,16260,278.42,19.88,-15040,339672.4,4527109.2
2021,India,Maize,1377,7243,242.49,20.25,-5866,333908.73000000004,1756355.07
2021,India,Soybeans,1758,16104,505.15,15.73,-14346,888053.7,8134935.6
2021,India,Rice,914,11371,457.85,17.08,-10457,418474.9,5206212.350000001
2021,Egypt,Wheat,2162,8228,292.99,14.73,-6066,633444.38,2410721.72
2021,Egypt,Maize,2471,7891,252.59,5.24,-5420,624149.89,1993187.69
2021,Egypt,Soybeans,2774,11898,528.28,19.32,-9124,1465448.72,6285475.4399999995
2021,Egypt,Rice,2216,10779,444.08,23.17,-8563,984081.2799999999,4786738.319999999
2021,Germany,Wheat,2697,16397,286.04,14.24,-13700,771449.88,4690197.88
2021,Germany,Maize,2449,7443,259.59,7.78,-4994,635735.9099999999,1932128.3699999999
2021,Germany,Soybeans,1084,20328,500.91,22.44,-19244,542986.4400000001,10182498.48
2021,Germany,Rice,455,20343,469.83,23.45,-19888,213772.65,9557751.69
2022,United States,Wheat,10959,226,284.63,16.53,10733,3119260.17,64326.38
2022,United States,Maize,16641,2028,244.21,19.73,14613,4063898.6100000003,495257.88
2022,United States,Soybeans,16559,2926,542.54,7.26,13633,8983919.86,1587472.0399999998
2022,United States,Rice,8476,1745,461.82,21.75,6731,3914386.32,805875.9
2022,Brazil,Wheat,8072,1954,292.57,9.55,6118,2361625.04,571681.78
2022,Brazil,Maize,7708,1432,239.76,21.06,6276,1848070.0799999998,343336.32
2022,Brazil,Soybeans,9212,1036,525.71,13.29,8176,4842840.5200000005,544635.56
2022,Brazil,Rice,6625,2222,498.65,14.31,4403,3303556.25,1108000.3
2022,Argentina,Wheat,13666,517,322.92,16.74,13149,4413024.720000001,166949.64
2022,Argentina,Maize,14146,975,268.64,9.96,13171,3800181.44,261924.0
2022,Argentina,Soybeans,17312,2090,528.28,5.68,15222,9145583.36,1104105.2
2022,Argentina,Rice,18472,2324,491.52,10.55,16148,9079357.44,1142292.48
2022,Ukraine,Wheat,24097,2303,287.63,15.3,21794,6931020.11,662411.89
2022,Ukraine,Maize,9944,1207,245.95,16.15,8737,2445726.8,296861.64999999997
2022,Ukraine,Soybeans,14916,1483,545.11,16.91,13433,8130860.76,808398.13
2022,Ukraine,Rice,14181,2362,473.84,21.0,11819,6719525.04,1119210.0799999998
2022,China,Wheat,2179,7717,286.53,5.73,-5538,624348.87,2211152.01
2022,China,Maize,385,12311,251.24,6.31,-11926,96727.40000000001,3093015.64
2022,China,Soybeans,2737,10490,542.66,15.49,-7753,1485260.42,5692503.399999999
2022,China,Rice,1087,10232,472.54,16.19,-9145,513650.98000000004,4835029.28
2022,India,Wheat,930,17342,324.31,12.47,-16412,301608.3,5624184.0200000005
2022,India,Maize,1581,15093,249.33,21.01,-13512,394190.73000000004,3763137.6900000004
2022,India,Soybeans,154,12643,561.99,22.34,-12489,86546.46,7105239.57
2022,India,Rice,932,17600,463.6,9.62,-16668,432075.2,8159360.0
2022,Egypt,Wheat,2590,21380,306.75,11.79,-18790,794482.5,6558315.0
2022,Egypt,Maize,2726,12218,255.64,9.76,-9492,696874.64,3123409.52
2022,Egypt,Soybeans,2243,14503,562.78,21.6,-12260,1262315.54,8161998.34
2022,Egypt,Rice,551,13356,459.55,13.13,-12805,253212.05000000002,6137749.8
2022,Germany,Wheat,922,19289,277.65,6.71,-18367,255993.3,5355590.85
2022,Germany,Maize,2298,8452,266.82,17.86,-6154,613152.36,2255162.64
2022,Germany,Soybeans,181,13705,565.53,17.5,-13524,102360.93,7750588.649999999
2022,Germany,Rice,845,20358,471.48,16.81,-19513,398400.60000000003,9598389.84
2023,United States,Wheat,22939,2408,305.26,20.48,20531,7002359.14,735066.08
2023,United States,Maize,18192,1176,246.72,23.97,17016,4488330.24,290142.72
2023,United States,Soybeans,16093,1487,547.01,22.37,14606,8803031.93,813403.87
2023,United States,Rice,24063,2206,514.73,21.0,21857,12385947.99,1135494.3800000001
2023,Brazil,Wheat,24152,2673,325.08,18.98,21479,7851332.159999999,868938.84
2023,Brazil,Maize,6304,1881,264.25,13.43,4423,1665832.0,497054.25
2023,Brazil,Soybeans,13633,2176,548.58,10.45,11457,7478791.140000001,1193710.08
2023,Brazil,Rice,21458,2985,515.71,7.36,18473,11066105.180000002,1539394.35
2023,Argentina,Wheat,10475,140,301.7,16.08,10335,3160307.5,42238.0
2023,Argentina,Maize,17875,1722,237.33,7.8,16153,4242273.75,408682.26
2023,Argentina,Soybeans,23458,745,576.61,10.01,22713,13526117.38,429574.45
2023,Argentina,Rice,19060,2140,494.71,16.47,16920,9429172.6,1058679.4
2023,Ukraine,Wheat,16664,801,313.95,5.94,15863,5231662.8,251473.94999999998
2023,Ukraine,Maize,8067,1945,268.9,6.66,6122,2169216.3,523010.49999999994
2023,Ukraine,Soybeans,16555,1494,552.27,12.79,15061,9142829.85,825091.38
2023,Ukraine,Rice,11819,1236,506.08,17.21,10583,5981359.52,625514.88
2023,China,Wheat,1433,7711,334.84,19.65,-6278,479825.72,2581951.2399999998
2023,China,Maize,1412,12715,258.99,8.24,-11303,365693.88,3293057.85
2023,China,Soybeans,464,11122,556.71,20.42,-10658,258313.44,6191728.62
2023,China,Rice,1624,7120,473.76,19.56,-5496,769386.24,3373171.1999999997
2023,India,Wheat,1340,5060,322.42,13.7,-3720,432042.80000000005,1631445.2000000002
2023,India,Maize,1162,17418,235.89,5.05,-16256,274104.18,4108732.0199999996
2023,India,Soybeans,1558,21314,585.87,7.74,-19756,912785.46,12487233.18
2023,India,Rice,429,8640,492.3,8.7,-8211,211196.7,4253472.0
2023,Egypt,Wheat,1441,16855,331.65,19.64,-15414,477907.64999999997,5589960.75
2023,Egypt,Maize,2808,16344,264.94,18.85,-13536,743951.52,4330179.36
2023,Egypt,Soybeans,809,10319,552.48,14.79,-9510,446956.32,5701041.12
2023,Egypt,Rice,588,18849,471.97,19.11,-18261,277518.36000000004,8896162.530000001
2023,Germany,Wheat,810,13592,297.03,16.36,-12782,240594.3,4037231.76
2023,Germany,Maize,349,21774,233.7,18.95,-21425,81561.3,5088583.8
2023,Germany,Soybeans,236,16122,586.22,24.42,-15886,138347.92,9451038.84
2023,Germany,Rice,826,6500,493.71,22.24,-5674,407804.45999999996,3209115.0
2024,United States,Wheat,24426,501,325.12,17.89,23925,7941381.12,162885.12
2024,United States,Maize,14374,2767,247.03,6.54,11607,3550809.22,683532.01
2024,United States,Soybeans,7983,282,580.22,16.45,7701,4631896.26,163622.04
2024,United States,Rice,11640,1472,520.58,19.76,10168,6059551.2,766293.76
2024,Brazil,Wheat,20520,115,320.34,22.53,20405,6573376.8,36839.1
2024,Brazil,Maize,16713,410,264.1,24.81,16303,4413903.300000001,108281.00000000001
2024,Brazil,Soybeans,9346,858,569.27,12.68,8488,5320397.42,488433.66
2024,Brazil,Rice,18919,2014,537.4,12.01,16905,10167070.6,1082323.5999999999
2024,Argentina,Wheat,23416,576,300.88,14.6,22840,7045406.08,173306.88
2024,Argentina,Maize,5271,1871,290.2,20.37,3400,1529644.2,542964.2
2024,Argentina,Soybeans,22304,439,596.88,9.78,21865,13312811.52,262030.32
2024,Argentina,Rice,7050,1265,502.35,22.06,5785,3541567.5,635472.75
2024,Ukraine,Wheat,5145,2081,328.46,10.55,3064,1689926.7,683525.26
2024,Ukraine,Maize,19286,2732,246.47,12.83,16554,4753420.42,673356.04
2024,Ukraine,Soybeans,14155,2334,607.5,20.73,11821,8599162.5,1417905.0
2024,Ukraine,Rice,14130,809,536.62,22.68,13321,7582440.6,434125.58
2024,China,Wheat,110,6868,348.46,19.87,-6758,38330.6,2393223.28
2024,China,Maize,871,21220,273.48,17.15,-20349,238201.08000000002,5803245.600000001
2024,China,Soybeans,1489,16593,562.35,12.68,-15104,837339.15,9331073.55
2024,China,Rice,1036,15745,526.48,12.0,-14709,545433.28,8289427.600000001
2024,India,Wheat,1896,13245,347.46,22.68,-11349,658784.1599999999,4602107.7
2024,India,Maize,1143,15106,260.81,20.16,-13963,298105.83,3939795.86
2024,India,Soybeans,2209,19551,604.87,14.27,-17342,1336157.83,11825813.37
2024,India,Rice,880,12287,524.89,5.7,-11407,461903.2,6449323.43
2024,Egypt,Wheat,679,6933,342.01,14.15,-6254,232224.79,2371155.33
2024,Egypt,Maize,1051,15874,247.48,22.77,-14823,260101.47999999998,3928497.52
2024,Egypt,Soybeans,1020,18774,592.76,16.02,-17754,604615.2,11128476.24
2024,Egypt,Rice,1054,20585,507.92,12.45,-19531,535347.68,10455533.200000001
2024,Germany,Wheat,2475,8972,301.44,15.65,-6497,746064.0,2704519.68
2024,Germany,Maize,136,14903,275.16,6.52,-14767,37421.76,4100709.4800000004
2024,Germany,Soybeans,692,10233,584.76,14.61,-9541,404653.92,5983849.08
2024,Germany,Rice,2496,6591,520.61,15.88,-4095,1299442.56,3431340.5100000002
2025,United States,Wheat,6312,1385,336.06,22.36,4927,2121210.72,465443.1
2025,United States,Maize,7139,2500,257.87,8.21,4639,1840933.93,644675.0
2025,United States,Soybeans,11924,462,591.93,23.6,11462,7058173.319999999,273471.66
2025,United States,Rice,8738,2569,514.46,22.63,6169,4495351.48,1321647.74
2025,Brazil,Wheat,21940,925,333.27,22.58,21015,7311943.8,308274.75
2025,Brazil,Maize,17713,2819,266.76,19.87,14894,4725119.88,751996.44
2025,Brazil,Soybeans,8998,2229,620.9,21.64,6769,5586858.2,1383986.0999999999
2025,Brazil,Rice,5294,2085,519.35,17.34,3209,2749438.9,1082844.75
2025,Argentina,Wheat,6136,1356,341.59,10.2,4780,2095996.2399999998,463196.04
2025,Argentina,Maize,17987,547,277.0,20.6,17440,4982399.0,151519.0
2025,Argentina,Soybeans,10445,2614,618.05,15.83,7831,6455532.249999999,1615582.7
2025,Argentina,Rice,14439,1093,522.09,17.65,13346,7538457.510000001,570644.37
2025,Ukraine,Wheat,10084,377,356.86,18.76,9707,3598576.24,134536.22
2025,Ukraine,Maize,22649,830,258.32,20.42,21819,5850689.68,214405.6
2025,Ukraine,Soybeans,13073,985,597.29,17.42,12088,7808372.17,588330.6499999999
2025,Ukraine,Rice,21378,2357,548.58,24.47,19021,11727543.24,1293003.06
2025,China,Wheat,384,16939,342.38,16.89,-16555,131473.91999999998,5799574.82
2025,China,Maize,2607,16296,266.18,14.77,-13689,693931.26,4337669.28
2025,China,Soybeans,2606,16801,587.95,14.37,-14195,1532197.7000000002,9878147.950000001
2025,China,Rice,615,19288,510.11,22.08,-18673,313717.65,9839001.68
2025,India,Wheat,986,7844,344.68,9.42,-6858,339854.48,2703669.92
2025,India,Maize,1810,18261,261.5,7.63,-16451,473315.0,4775251.5
2025,India,Soybeans,2996,16645,587.55,13.65,-13649,1760299.7999999998,9779769.75
2025,India,Rice,120,11446,525.99,17.77,-11326,63118.8,6020481.54
2025,Egypt,Wheat,1782,10626,330.47,22.88,-8844,588897.54,3511574.22
2025,Egypt,Maize,2080,20522,251.56,18.03,-18442,523244.8,5162514.32
2025,Egypt,Soybeans,1909,10390,603.58,15.86,-8481,1152234.22,6271196.2
2025,Egypt,Rice,1183,11573,515.19,6.82,-10390,609469.77,5962293.870000001
2025,Germany,Wheat,619,13782,332.68,15.61,-13163,205928.92,4584995.76
2025,Germany,Maize,2346,11059,251.63,23.42,-8713,590323.98,2782776.17
2025,Germany,Soybeans,626,8224,580.06,16.97,-7598,363117.55999999994,4770413.4399999995
2025,Germany,Rice,1359,6763,532.92,9.51,-5404,724238.2799999999,3604137.9599999995
